[
 {
   "Team": "Mercedes",
   "Full Team Name": "Mercedes-AMG Petronas Formula One Team",
   "Base": "Brackley, United Kingdom",
   "Team Chief": "Toto Wolff",
   "Technical Chief": "Mike Elliott",
   "Chassis": "W12",
   "Power Unit": "Mercedes",
   "First Team Entry": 1970,
   "World Championships": 8,
   "Highest Race Finish": "1(x115)",
   "Pole Positions": 127,
   "Fastest Laps": 85
 },
 {
   "Team": "Red Bull",
   "Full Team Name": "Red Bull Racing",
   "Base": "Milton Keynes, United Kingdom",
   "Team Chief": "Christian Horner",
   "Technical Chief": "Pierre Waché",
   "Chassis": "RB16B",
   "Power Unit": "Honda",
   "First Team Entry": 1997,
   "World Championships": 4,
   "Highest Race Finish": "1(x75)",
   "Pole Positions": 73,
   "Fastest Laps": 76
 },
 {
   "Team": "Ferrari",
   "Full Team Name": "Scuderia Ferrari",
   "Base": "Maranello, Italy",
   "Team Chief": "Mattia Binotto",
   "Technical Chief": "Enrico Cardile / Enrico Gualteri",
   "Chassis": "SF21",
   "Power Unit": "Ferrari",
   "First Team Entry": 1950,
   "World Championships": 16,
   "Highest Race Finish": "1(x239)",
   "Pole Positions": 223,
   "Fastest Laps": 253
 },
 {
   "Team": "McLaren",
   "Full Team Name": "McLaren F1 Team",
   "Base": "Woking, United Kingdom",
   "Team Chief": "Andreas Seidl",
   "Technical Chief": "James Key",
   "Chassis": "MCL35M",
   "Power Unit": "Mercedes",
   "First Team Entry": 1966,
   "World Championships": 8,
   "Highest Race Finish": "1(x183)",
   "Pole Positions": 156,
   "Fastest Laps": 160
 },
 {
   "Team": "Alpine",
   "Full Team Name": "Alpine F1 Team",
   "Base": "Enstone, United Kingdom",
   "Team Chief": "Davide Brivio",
   "Technical Chief": "Pat Fry / Remi Taffin",
   "Chassis": "A521",
   "Power Unit": "Renault",
   "First Team Entry": 1986,
   "World Championships": 2,
   "Highest Race Finish": "1(x21)",
   "Pole Positions": 20,
   "Fastest Laps": 15
 },
 {
   "Team": "AlphaTauri",
   "Full Team Name": "Scuderia AlphaTauri",
   "Base": "Faenza, Italy",
   "Team Chief": "Franz Tost",
   "Technical Chief": "Jody Egginton",
   "Chassis": "AT02",
   "Power Unit": "Honda",
   "First Team Entry": 1985,
   "World Championships": 0,
   "Highest Race Finish": "1(x2)",
   "Pole Positions": 1,
   "Fastest Laps": 2
 },
 {
   "Team": "Aston Martin",
   "Full Team Name": "Aston Martin Cognizant Formula One Team",
   "Base": "Silverstone, United Kingdom",
   "Team Chief": "Otmar Szafnauer",
   "Technical Chief": "Andrew Green",
   "Chassis": "AMR21",
   "Power Unit": "Mercedes",
   "First Team Entry": 2018,
   "World Championships": 0,
   "Highest Race Finish": "1(x1)",
   "Pole Positions": 1,
   "Fastest Laps": 0
 },
 {
   "Team": "Williams",
   "Full Team Name": "Williams Racing",
   "Base": "Grove, United Kingdom",
   "Team Chief": "Jost Capito",
   "Technical Chief": "François-Xavier Demaison",
   "Chassis": "FW43B",
   "Power Unit": "Mercedes",
   "First Team Entry": 1978,
   "World Championships": 9,
   "Highest Race Finish": "1(x114)",
   "Pole Positions": 129,
   "Fastest Laps": 133
 },
 {
   "Team": "Alfa Romeo",
   "Full Team Name": "Alfa Romeo F1 Team ORLEN",
   "Base": "Hinwil, Switzerland",
   "Team Chief": "Frédéric Vasseur",
   "Technical Chief": "Jan Monchaux",
   "Chassis": "C41",
   "Power Unit": "Ferrari",
   "First Team Entry": 1993,
   "World Championships": 0,
   "Highest Race Finish": "1(x1)",
   "Pole Positions": 1,
   "Fastest Laps": 5
 },
 {
   "Team": "Haas",
   "Full Team Name": "Uralkali Haas F1 Team",
   "Base": "Kannapolis, United States",
   "Team Chief": "Guenther Steiner",
   "Technical Chief": "Simone Resta",
   "Chassis": "VF-21",
   "Power Unit": "Ferrari",
   "First Team Entry": 2016,
   "World Championships": 0,
   "Highest Race Finish": "4(x1)",
   "Pole Positions": 0,
   "Fastest Laps": 2
 }
]